{
    "userlist": [
        {
            "No_of_Orders": 0,
            "_id": "5fec54bc81f07936002372f8",
            "userid": 1,
            "name": "Rahul",
            "__v": 0
        },
        {
            "No_of_Orders": 0,
            "_id": "5fec54c781f07936002372f9",
            "userid": 2,
            "name": "ramesh",
            "__v": 0
        }
    ],
    "holesubtotal": [
        650,
        400
    ],
    "orderholecount": [
        {
            "ordercount": [
                {
                    "userid": 2
                }
            ]
        },
        {
            "ordercount": [
                {
                    "userid": 1
                }
            ]
        }
    ]
}